{
  "swagger": "2.0",
  "info": {
    "description": "This service is a RESTful service which deals with resources of type Book. You can use GET requests to retrieve information about books available in the Bookstore. The information is available in two formats: XML and JSON. Use an ACCEPT request header with value text/xml or application/json to specify which type of response format is chosen.",
    "title": "Bookstore",
    "version": "1.0"
  },
  "host": "localhost:7777",
  "basePath": "/rest/bookstore",
  "schemes": [
    "http"
  ],
  "consumes": [
    "text/xml",
    "application/json"
  ],
  "produces": [
    "application/json",
    "text/xml"
  ],
  "paths": {
    "/books": {
      "get": {
        "summary": "GET",
        "deprecated": false,
        "description": "",
        "operationId": "GET"
      },
      "put": {
        "summary": "PUT",
        "deprecated": false,
        "description": "",
        "operationId": "PUT"
      }
    }
  }
}